CREATE TABLE "restservices$changeitem" (
	"id" BIGINT NOT NULL,
	"isdeleted" BOOLEAN NULL,
	"etag" VARCHAR_IGNORECASE(200) NULL,
	"sequencenr" BIGINT NULL,
	"_isdirty" BOOLEAN NULL,
	"json" VARCHAR_IGNORECASE(2147483647) NULL,
	"key" VARCHAR_IGNORECASE(400) NULL,
	PRIMARY KEY("id"));
CREATE INDEX "idx_restservices$changeitem_key" ON "restservices$changeitem" ("key","id");
CREATE INDEX "idx_restservices$changeitem_isdeleted" ON "restservices$changeitem" ("isdeleted","id");
CREATE INDEX "idx_restservices$changeitem_sequencenr" ON "restservices$changeitem" ("sequencenr","id");
CREATE INDEX "idx_restservices$changeitem__isdirty" ON "restservices$changeitem" ("_isdirty","id");
CREATE INDEX "idx_restservices$changeitem_key_isdeleted__isdirty" ON "restservices$changeitem" ("key","isdeleted","_isdirty","id");
INSERT INTO "mendixsystem$entity" ("id", 
"entity_name", 
"table_name")
 VALUES ('32b30934-eb04-477c-b42f-762bfb24047f', 
'RestServices.ChangeItem', 
'restservices$changeitem');
INSERT INTO "mendixsystem$attribute" ("id", 
"entity_id", 
"attribute_name", 
"column_name", 
"type", 
"length", 
"default_value", 
"is_auto_number")
 VALUES ('cea7a792-7606-43e5-8ff0-8ccdd3256ccf', 
'32b30934-eb04-477c-b42f-762bfb24047f', 
'IsDeleted', 
'isdeleted', 
10, 
0, 
'false', 
false);
INSERT INTO "mendixsystem$attribute" ("id", 
"entity_id", 
"attribute_name", 
"column_name", 
"type", 
"length", 
"default_value", 
"is_auto_number")
 VALUES ('2cb2d503-ba17-4526-aad8-b21f241719ad', 
'32b30934-eb04-477c-b42f-762bfb24047f', 
'Etag', 
'etag', 
30, 
200, 
'', 
false);
INSERT INTO "mendixsystem$attribute" ("id", 
"entity_id", 
"attribute_name", 
"column_name", 
"type", 
"length", 
"default_value", 
"is_auto_number")
 VALUES ('69ee8942-8de4-470b-92f3-0dc426ae8611', 
'32b30934-eb04-477c-b42f-762bfb24047f', 
'SequenceNr', 
'sequencenr', 
4, 
0, 
'0', 
false);
INSERT INTO "mendixsystem$attribute" ("id", 
"entity_id", 
"attribute_name", 
"column_name", 
"type", 
"length", 
"default_value", 
"is_auto_number")
 VALUES ('9332e9af-2e0f-44bb-a8f4-8ce129420246', 
'32b30934-eb04-477c-b42f-762bfb24047f', 
'_IsDirty', 
'_isdirty', 
10, 
0, 
'false', 
false);
INSERT INTO "mendixsystem$attribute" ("id", 
"entity_id", 
"attribute_name", 
"column_name", 
"type", 
"length", 
"default_value", 
"is_auto_number")
 VALUES ('7e0efeb4-4814-4e4d-b419-13532935efe6', 
'32b30934-eb04-477c-b42f-762bfb24047f', 
'Json', 
'json', 
30, 
0, 
'', 
false);
INSERT INTO "mendixsystem$attribute" ("id", 
"entity_id", 
"attribute_name", 
"column_name", 
"type", 
"length", 
"default_value", 
"is_auto_number")
 VALUES ('033ba241-a938-4ed4-af8f-985ab5a76b26', 
'32b30934-eb04-477c-b42f-762bfb24047f', 
'Key', 
'key', 
30, 
400, 
'', 
false);
INSERT INTO "mendixsystem$index" ("id", 
"table_id", 
"index_name")
 VALUES ('0f5d4ff5-d15b-4633-bde8-331033b0583f', 
'32b30934-eb04-477c-b42f-762bfb24047f', 
'idx_restservices$changeitem_key');
INSERT INTO "mendixsystem$index_column" ("index_id", 
"column_id", 
"sort_order", 
"ordinal")
 VALUES ('0f5d4ff5-d15b-4633-bde8-331033b0583f', 
'033ba241-a938-4ed4-af8f-985ab5a76b26', 
false, 
0);
INSERT INTO "mendixsystem$index" ("id", 
"table_id", 
"index_name")
 VALUES ('264cb1b8-9dee-4577-84d1-0818bce78f7d', 
'32b30934-eb04-477c-b42f-762bfb24047f', 
'idx_restservices$changeitem_isdeleted');
INSERT INTO "mendixsystem$index_column" ("index_id", 
"column_id", 
"sort_order", 
"ordinal")
 VALUES ('264cb1b8-9dee-4577-84d1-0818bce78f7d', 
'cea7a792-7606-43e5-8ff0-8ccdd3256ccf', 
false, 
0);
INSERT INTO "mendixsystem$index" ("id", 
"table_id", 
"index_name")
 VALUES ('55cb168f-a816-49de-8d4a-0b7e1d8d61f3', 
'32b30934-eb04-477c-b42f-762bfb24047f', 
'idx_restservices$changeitem_sequencenr');
INSERT INTO "mendixsystem$index_column" ("index_id", 
"column_id", 
"sort_order", 
"ordinal")
 VALUES ('55cb168f-a816-49de-8d4a-0b7e1d8d61f3', 
'69ee8942-8de4-470b-92f3-0dc426ae8611', 
false, 
0);
INSERT INTO "mendixsystem$index" ("id", 
"table_id", 
"index_name")
 VALUES ('277e4b3d-2c3a-4657-ad8d-63761f745018', 
'32b30934-eb04-477c-b42f-762bfb24047f', 
'idx_restservices$changeitem__isdirty');
INSERT INTO "mendixsystem$index_column" ("index_id", 
"column_id", 
"sort_order", 
"ordinal")
 VALUES ('277e4b3d-2c3a-4657-ad8d-63761f745018', 
'9332e9af-2e0f-44bb-a8f4-8ce129420246', 
false, 
0);
INSERT INTO "mendixsystem$index" ("id", 
"table_id", 
"index_name")
 VALUES ('591bfac9-bcd4-428e-bbac-44290e19242d', 
'32b30934-eb04-477c-b42f-762bfb24047f', 
'idx_restservices$changeitem_key_isdeleted__isdirty');
INSERT INTO "mendixsystem$index_column" ("index_id", 
"column_id", 
"sort_order", 
"ordinal")
 VALUES ('591bfac9-bcd4-428e-bbac-44290e19242d', 
'033ba241-a938-4ed4-af8f-985ab5a76b26', 
false, 
0);
INSERT INTO "mendixsystem$index_column" ("index_id", 
"column_id", 
"sort_order", 
"ordinal")
 VALUES ('591bfac9-bcd4-428e-bbac-44290e19242d', 
'cea7a792-7606-43e5-8ff0-8ccdd3256ccf', 
false, 
1);
INSERT INTO "mendixsystem$index_column" ("index_id", 
"column_id", 
"sort_order", 
"ordinal")
 VALUES ('591bfac9-bcd4-428e-bbac-44290e19242d', 
'9332e9af-2e0f-44bb-a8f4-8ce129420246', 
false, 
2);
CREATE TABLE "restservices$changeitem_changelog" (
	"restservices$changeitemid" BIGINT NOT NULL,
	"restservices$changelogid" BIGINT NOT NULL,
	PRIMARY KEY("restservices$changeitemid","restservices$changelogid"));
CREATE INDEX "idx_restservices$changeitem_changelog_restservices$changelog_restservices$changeitem" ON "restservices$changeitem_changelog" ("restservices$changelogid","restservices$changeitemid");
INSERT INTO "mendixsystem$association" ("id", 
"association_name", 
"table_name", 
"parent_entity_id", 
"child_entity_id", 
"parent_column_name", 
"child_column_name", 
"index_name")
 VALUES ('5055a8ea-5acf-40db-88c0-abaac75341d7', 
'RestServices.ChangeItem_ChangeLog', 
'restservices$changeitem_changelog', 
'32b30934-eb04-477c-b42f-762bfb24047f', 
'1578d087-5b36-4fd2-bbb3-9ea99ee4518b', 
'restservices$changeitemid', 
'restservices$changelogid', 
'idx_restservices$changeitem_changelog_restservices$changelog_restservices$changeitem');
CREATE TABLE "restservices$changelog" (
	"id" BIGINT NOT NULL,
	"sequencenr" BIGINT NULL,
	"_configurationhash" VARCHAR_IGNORECASE(2147483647) NULL,
	PRIMARY KEY("id"));
INSERT INTO "mendixsystem$entity" ("id", 
"entity_name", 
"table_name")
 VALUES ('1578d087-5b36-4fd2-bbb3-9ea99ee4518b', 
'RestServices.ChangeLog', 
'restservices$changelog');
INSERT INTO "mendixsystem$attribute" ("id", 
"entity_id", 
"attribute_name", 
"column_name", 
"type", 
"length", 
"default_value", 
"is_auto_number")
 VALUES ('0811d79a-b128-42a9-964d-16a041103331', 
'1578d087-5b36-4fd2-bbb3-9ea99ee4518b', 
'SequenceNr', 
'sequencenr', 
4, 
0, 
'0', 
false);
INSERT INTO "mendixsystem$attribute" ("id", 
"entity_id", 
"attribute_name", 
"column_name", 
"type", 
"length", 
"default_value", 
"is_auto_number")
 VALUES ('094c9ca7-d5fa-4f60-b478-5384c22a9272', 
'1578d087-5b36-4fd2-bbb3-9ea99ee4518b', 
'_ConfigurationHash', 
'_configurationhash', 
30, 
0, 
'', 
false);
CREATE TABLE "restservices$changelog_servicedefinition" (
	"restservices$changelogid" BIGINT NOT NULL,
	"restservices$dataservicedefinitionid" BIGINT NOT NULL,
	PRIMARY KEY("restservices$changelogid","restservices$dataservicedefinitionid"));
CREATE INDEX "idx_restservices$changelog_servicedefinition_restservices$dataservicedefinition_restservices$changelog" ON "restservices$changelog_servicedefinition" ("restservices$dataservicedefinitionid","restservices$changelogid");
INSERT INTO "mendixsystem$association" ("id", 
"association_name", 
"table_name", 
"parent_entity_id", 
"child_entity_id", 
"parent_column_name", 
"child_column_name", 
"index_name")
 VALUES ('07e4911d-1ccb-4bf9-9c15-4a23ff6ccacc', 
'RestServices.ChangeLog_ServiceDefinition', 
'restservices$changelog_servicedefinition', 
'1578d087-5b36-4fd2-bbb3-9ea99ee4518b', 
'bf83925e-60cc-4c9d-8a50-2c0b8ef66d56', 
'restservices$changelogid', 
'restservices$dataservicedefinitionid', 
'idx_restservices$changelog_servicedefinition_restservices$dataservicedefinition_restservices$changelog');
CREATE TABLE "restservices$dataservicedefinition" (
	"id" BIGINT NOT NULL,
	"enabledelete" BOOLEAN NULL,
	"description" VARCHAR_IGNORECASE(2147483647) NULL,
	"accessrole" VARCHAR_IGNORECASE(200) NULL,
	"sourceentity" VARCHAR_IGNORECASE(200) NULL,
	"onpublishmicroflow" VARCHAR_IGNORECASE(200) NULL,
	"onupdatemicroflow" VARCHAR_IGNORECASE(200) NULL,
	"enableupdate" BOOLEAN NULL,
	"enablechangelog" BOOLEAN NULL,
	"name" VARCHAR_IGNORECASE(200) NULL,
	"ondeletemicroflow" VARCHAR_IGNORECASE(200) NULL,
	"enablelisting" BOOLEAN NULL,
	"sourceconstraint" VARCHAR_IGNORECASE(2147483647) NULL,
	"enablecreate" BOOLEAN NULL,
	"sourcekeyattribute" VARCHAR_IGNORECASE(200) NULL,
	"enableget" BOOLEAN NULL,
	"usestrictversioning" BOOLEAN NULL,
	PRIMARY KEY("id"));
INSERT INTO "mendixsystem$entity" ("id", 
"entity_name", 
"table_name")
 VALUES ('bf83925e-60cc-4c9d-8a50-2c0b8ef66d56', 
'RestServices.DataServiceDefinition', 
'restservices$dataservicedefinition');
INSERT INTO "mendixsystem$attribute" ("id", 
"entity_id", 
"attribute_name", 
"column_name", 
"type", 
"length", 
"default_value", 
"is_auto_number")
 VALUES ('1e26e3c4-a7b6-4610-a7b6-72423ec02b7b', 
'bf83925e-60cc-4c9d-8a50-2c0b8ef66d56', 
'EnableDelete', 
'enabledelete', 
10, 
0, 
'false', 
false);
INSERT INTO "mendixsystem$attribute" ("id", 
"entity_id", 
"attribute_name", 
"column_name", 
"type", 
"length", 
"default_value", 
"is_auto_number")
 VALUES ('8310048d-68f2-43bb-94e7-51fbe858d178', 
'bf83925e-60cc-4c9d-8a50-2c0b8ef66d56', 
'Description', 
'description', 
30, 
0, 
'', 
false);
INSERT INTO "mendixsystem$attribute" ("id", 
"entity_id", 
"attribute_name", 
"column_name", 
"type", 
"length", 
"default_value", 
"is_auto_number")
 VALUES ('111c3f1d-ca4e-49ac-bc11-79a560d6d9d7', 
'bf83925e-60cc-4c9d-8a50-2c0b8ef66d56', 
'AccessRole', 
'accessrole', 
30, 
200, 
'*', 
false);
INSERT INTO "mendixsystem$attribute" ("id", 
"entity_id", 
"attribute_name", 
"column_name", 
"type", 
"length", 
"default_value", 
"is_auto_number")
 VALUES ('f9f1e191-a98c-47a2-9d2a-5f8803e428b1', 
'bf83925e-60cc-4c9d-8a50-2c0b8ef66d56', 
'SourceEntity', 
'sourceentity', 
30, 
200, 
'', 
false);
INSERT INTO "mendixsystem$attribute" ("id", 
"entity_id", 
"attribute_name", 
"column_name", 
"type", 
"length", 
"default_value", 
"is_auto_number")
 VALUES ('53d5f9ad-8d7f-4f96-939f-768f923062f0', 
'bf83925e-60cc-4c9d-8a50-2c0b8ef66d56', 
'OnPublishMicroflow', 
'onpublishmicroflow', 
30, 
200, 
'', 
false);
INSERT INTO "mendixsystem$attribute" ("id", 
"entity_id", 
"attribute_name", 
"column_name", 
"type", 
"length", 
"default_value", 
"is_auto_number")
 VALUES ('f257aa45-3cb3-41cd-9e7f-5d91915ec839', 
'bf83925e-60cc-4c9d-8a50-2c0b8ef66d56', 
'OnUpdateMicroflow', 
'onupdatemicroflow', 
30, 
200, 
'', 
false);
INSERT INTO "mendixsystem$attribute" ("id", 
"entity_id", 
"attribute_name", 
"column_name", 
"type", 
"length", 
"default_value", 
"is_auto_number")
 VALUES ('0ad4cb7e-69fe-4015-8807-9c177b21acd8', 
'bf83925e-60cc-4c9d-8a50-2c0b8ef66d56', 
'EnableUpdate', 
'enableupdate', 
10, 
0, 
'false', 
false);
INSERT INTO "mendixsystem$attribute" ("id", 
"entity_id", 
"attribute_name", 
"column_name", 
"type", 
"length", 
"default_value", 
"is_auto_number")
 VALUES ('8eff3413-f830-4c84-893a-a84c63e0a2c1', 
'bf83925e-60cc-4c9d-8a50-2c0b8ef66d56', 
'EnableChangeLog', 
'enablechangelog', 
10, 
0, 
'true', 
false);
INSERT INTO "mendixsystem$attribute" ("id", 
"entity_id", 
"attribute_name", 
"column_name", 
"type", 
"length", 
"default_value", 
"is_auto_number")
 VALUES ('d8fc0891-34c5-419c-b31b-3a632f63ffc2', 
'bf83925e-60cc-4c9d-8a50-2c0b8ef66d56', 
'Name', 
'name', 
30, 
200, 
'', 
false);
INSERT INTO "mendixsystem$attribute" ("id", 
"entity_id", 
"attribute_name", 
"column_name", 
"type", 
"length", 
"default_value", 
"is_auto_number")
 VALUES ('e09ffec8-741a-4e03-8e32-9b3ece2651e0', 
'bf83925e-60cc-4c9d-8a50-2c0b8ef66d56', 
'OnDeleteMicroflow', 
'ondeletemicroflow', 
30, 
200, 
'', 
false);
INSERT INTO "mendixsystem$attribute" ("id", 
"entity_id", 
"attribute_name", 
"column_name", 
"type", 
"length", 
"default_value", 
"is_auto_number")
 VALUES ('c241adb1-cc8d-4cee-9009-88e309a5bc74', 
'bf83925e-60cc-4c9d-8a50-2c0b8ef66d56', 
'EnableListing', 
'enablelisting', 
10, 
0, 
'true', 
false);
INSERT INTO "mendixsystem$attribute" ("id", 
"entity_id", 
"attribute_name", 
"column_name", 
"type", 
"length", 
"default_value", 
"is_auto_number")
 VALUES ('e363b8f8-5b33-4580-a39d-4649455fed63', 
'bf83925e-60cc-4c9d-8a50-2c0b8ef66d56', 
'SourceConstraint', 
'sourceconstraint', 
30, 
0, 
'', 
false);
INSERT INTO "mendixsystem$attribute" ("id", 
"entity_id", 
"attribute_name", 
"column_name", 
"type", 
"length", 
"default_value", 
"is_auto_number")
 VALUES ('ea9a4708-7f01-4c4e-a7ea-14c479d59293', 
'bf83925e-60cc-4c9d-8a50-2c0b8ef66d56', 
'EnableCreate', 
'enablecreate', 
10, 
0, 
'false', 
false);
INSERT INTO "mendixsystem$attribute" ("id", 
"entity_id", 
"attribute_name", 
"column_name", 
"type", 
"length", 
"default_value", 
"is_auto_number")
 VALUES ('143325f6-04c0-4cf6-bce6-be453d40187e', 
'bf83925e-60cc-4c9d-8a50-2c0b8ef66d56', 
'SourceKeyAttribute', 
'sourcekeyattribute', 
30, 
200, 
'', 
false);
INSERT INTO "mendixsystem$attribute" ("id", 
"entity_id", 
"attribute_name", 
"column_name", 
"type", 
"length", 
"default_value", 
"is_auto_number")
 VALUES ('ace0cd5a-fba8-46ea-9d35-6678ae7d8091', 
'bf83925e-60cc-4c9d-8a50-2c0b8ef66d56', 
'EnableGet', 
'enableget', 
10, 
0, 
'true', 
false);
INSERT INTO "mendixsystem$attribute" ("id", 
"entity_id", 
"attribute_name", 
"column_name", 
"type", 
"length", 
"default_value", 
"is_auto_number")
 VALUES ('55da58cf-bbc6-4e34-8679-f7c24a065833', 
'bf83925e-60cc-4c9d-8a50-2c0b8ef66d56', 
'UseStrictVersioning', 
'usestrictversioning', 
10, 
0, 
'false', 
false);
CREATE TABLE "restservices$datasyncstate" (
	"id" BIGINT NOT NULL,
	"sequencenr" BIGINT NULL,
	"collectionurl" VARCHAR_IGNORECASE(2147483647) NULL,
	PRIMARY KEY("id"));
INSERT INTO "mendixsystem$entity" ("id", 
"entity_name", 
"table_name")
 VALUES ('f181c38b-0633-405c-abd0-91d997cf32b9', 
'RestServices.DataSyncState', 
'restservices$datasyncstate');
INSERT INTO "mendixsystem$attribute" ("id", 
"entity_id", 
"attribute_name", 
"column_name", 
"type", 
"length", 
"default_value", 
"is_auto_number")
 VALUES ('621accfe-f753-4442-a390-06c0c3b53efc', 
'f181c38b-0633-405c-abd0-91d997cf32b9', 
'SequenceNr', 
'sequencenr', 
4, 
0, 
'0', 
false);
INSERT INTO "mendixsystem$attribute" ("id", 
"entity_id", 
"attribute_name", 
"column_name", 
"type", 
"length", 
"default_value", 
"is_auto_number")
 VALUES ('bd705c38-aa5e-441b-8baf-979267786a49', 
'f181c38b-0633-405c-abd0-91d997cf32b9', 
'CollectionUrl', 
'collectionurl', 
30, 
0, 
'', 
false);
UPDATE "mendixsystem$version"
 SET "versionnumber" = '4.0.7', 
"lastsyncdate" = '20160916 11:04:23';
